example_id,label,prediction,p_e,query_token_count,title_token_count,query_coverage,token_jaccard,query_in_title,exact_title_match,brand_match,numeric_mismatch,title_missing
661416,C,E,0.35281216590071574,3.0,10.0,0.6666666666666666,0.18181818181818182,0.0,0.0,1.0,0.0,0.0
747705,C,E,0.4221354890912254,2.0,34.0,1.0,0.06451612903225806,0.0,0.0,0.0,0.0,0.0
684854,C,E,0.4015519346737171,2.0,11.0,1.0,0.25,0.0,0.0,1.0,0.0,0.0
1847940,C,E,0.5358772982555122,1.0,3.0,1.0,0.3333333333333333,1.0,0.0,0.0,0.0,0.0
541435,C,I,0.15258486218185696,7.0,18.0,0.2857142857142857,0.1,0.0,0.0,0.0,0.0,0.0
2039236,C,I,0.15113758010928924,2.0,12.0,0.0,0.0,0.0,0.0,0.0,0.0,0.0
714890,C,I,0.10035875786099314,4.0,12.0,0.0,0.0,0.0,0.0,0.0,0.0,0.0
1683714,C,I,0.054232244237794,3.0,28.0,0.0,0.0,0.0,0.0,0.0,1.0,0.0
2240707,C,S,0.20924323572852627,6.0,7.0,0.6666666666666666,0.4444444444444444,0.0,0.0,1.0,1.0,0.0
393081,C,S,0.22779603829516917,3.0,21.0,0.3333333333333333,0.058823529411764705,0.0,0.0,0.0,0.0,0.0
2078286,C,S,0.20927698018228472,4.0,7.0,0.25,0.1111111111111111,0.0,0.0,0.0,0.0,0.0
1752831,C,S,0.07247367242680444,4.0,6.0,0.25,0.1111111111111111,0.0,0.0,0.0,1.0,0.0
1908157,E,C,0.2445777672869037,2.0,12.0,0.5,0.07692307692307693,0.0,0.0,0.0,0.0,0.0
1160632,E,C,0.4356556671614625,2.0,19.0,1.0,0.10526315789473684,1.0,0.0,1.0,0.0,0.0
1589126,E,C,0.2466929231588267,4.0,14.0,0.5,0.125,0.0,0.0,0.0,0.0,0.0
1735340,E,C,0.28363292476431956,3.0,27.0,0.6666666666666666,0.08695652173913043,0.0,0.0,0.0,0.0,0.0
2077449,E,I,0.12467927265638627,4.0,11.0,0.0,0.0,0.0,0.0,0.0,0.0,0.0
1232107,E,I,0.18740489945225125,4.0,29.0,0.25,0.037037037037037035,0.0,0.0,0.0,0.0,0.0
2044985,E,I,0.11229046388756761,3.0,7.0,0.0,0.0,0.0,0.0,0.0,0.0,0.0
754565,E,I,0.1670023059324284,4.0,29.0,0.3333333333333333,0.04,0.0,0.0,0.0,0.0,0.0
1703130,E,S,0.24005689987891388,6.0,22.0,0.5,0.15,0.0,0.0,0.0,0.0,0.0
693735,E,S,0.2241636942696897,3.0,24.0,0.3333333333333333,0.047619047619047616,0.0,0.0,0.0,0.0,0.0
1851498,E,S,0.2636213744971022,8.0,12.0,0.375,0.17647058823529413,0.0,0.0,0.0,0.0,0.0
1740406,E,S,0.23989020524693583,3.0,9.0,0.3333333333333333,0.09090909090909091,0.0,0.0,0.0,0.0,0.0
951504,I,C,0.27262421941138676,2.0,16.0,0.5,0.0625,0.0,0.0,1.0,0.0,0.0
1935599,I,C,0.23882487298441202,5.0,21.0,0.4,0.09523809523809523,0.0,0.0,1.0,0.0,0.0
1449275,I,C,0.23469469294075257,3.0,8.0,0.3333333333333333,0.1,0.0,0.0,1.0,0.0,0.0
1718222,I,C,0.24053066496429615,3.0,6.0,0.3333333333333333,0.125,0.0,0.0,1.0,0.0,0.0
1892992,I,E,0.4076183475109495,3.0,5.0,0.6666666666666666,0.3333333333333333,0.0,0.0,0.0,0.0,0.0
2090980,I,E,0.3719643833974932,4.0,32.0,0.75,0.12,0.0,0.0,0.0,0.0,0.0
185728,I,E,0.31667924892583565,3.0,10.0,0.6666666666666666,0.18181818181818182,0.0,0.0,0.0,0.0,0.0
1252723,I,E,0.397380373106584,4.0,16.0,0.75,0.17647058823529413,0.0,0.0,0.0,0.0,0.0
980415,I,S,0.25515585203079144,6.0,17.0,0.5,0.21428571428571427,0.0,0.0,0.0,0.0,0.0
1690352,I,S,0.22752560168719957,3.0,18.0,0.3333333333333333,0.05,0.0,0.0,0.0,0.0,0.0
1522303,I,S,0.22041030157780714,3.0,27.0,0.3333333333333333,0.03571428571428571,0.0,0.0,0.0,0.0,0.0
2210733,I,S,0.07950013867160297,7.0,12.0,0.2857142857142857,0.11764705882352941,0.0,0.0,0.0,1.0,0.0
1446353,S,C,0.2304139624329861,3.0,10.0,0.3333333333333333,0.08333333333333333,0.0,0.0,1.0,0.0,0.0
403585,S,C,0.2829734825851291,3.0,25.0,0.6666666666666666,0.07692307692307693,0.0,0.0,0.0,0.0,0.0
87062,S,C,0.29304013298110837,4.0,26.0,0.75,0.12,0.0,0.0,0.0,0.0,0.0
938947,S,C,0.22983052577891094,3.0,11.0,0.3333333333333333,0.08333333333333333,0.0,0.0,1.0,0.0,0.0
380274,S,E,0.3516241168215807,5.0,30.0,0.8,0.14814814814814814,0.0,0.0,0.0,0.0,0.0
1723406,S,E,0.3051761201202035,2.0,7.0,0.5,0.125,0.0,0.0,0.0,0.0,0.0
519457,S,E,0.4158814911378712,3.0,12.0,0.6666666666666666,0.15384615384615385,0.0,0.0,0.0,0.0,0.0
659962,S,E,0.2932775158946852,4.0,10.0,0.5,0.16666666666666666,0.0,0.0,1.0,0.0,0.0
373912,S,I,0.19524977301007668,4.0,16.0,0.25,0.05263157894736842,0.0,0.0,0.0,0.0,0.0
1635824,S,I,0.11138610878804783,5.0,17.0,0.0,0.0,0.0,0.0,0.0,0.0,0.0
533930,S,I,0.20348714303648133,4.0,9.0,0.25,0.08333333333333333,0.0,0.0,0.0,0.0,0.0
1780954,S,I,0.15674488824449911,3.0,10.0,0.3333333333333333,0.1,0.0,0.0,0.0,0.0,0.0
